质量方针,制定项目质量计划,输入
项目范围说明书,制定项目质量计划,输入
产品描述,制定项目质量计划,输入
标准与规则,制定项目质量计划,输入
其它过程输出,制定项目质量计划,输入
制定项目质量计划,效益/成本分析,内容
制定项目质量计划,基准比较,内容
制定项目质量计划,流程图,内容
制定项目质量计划,实验设计,内容
制定项目质量计划,质量成本分析,内容
制定项目质量计划,质量功能展开,内容
制定项目质量计划,过程决策程序图法,内容
制定项目质量计划,项目质量计划,输出
制定项目质量计划,质量测量指标,输出
制定项目质量计划,质量检查表过程改进计划,输出
制定项目质量计划,项目管理计划,输出
项目质量计划,项目质量保证工作,输入
质量度量数据,项目质量保证工作,输入
过程改进计划,项目质量保证工作,输入
工作绩效信息,项目质量保证工作,输入
经过审批的变更请求,项目质量保证工作,输入
质量控制度量数据,项目质量保证工作,输入
实施的变更请求,项目质量保证工作,输入
实施的缺陷修订,项目质量保证工作,输入
实施的纠正措施,项目质量保证工作,输入
实施的预防措施,项目质量保证工作,输入
项目质量保证工作,项目质量管理通用方法,内容
项目质量保证工作,过程分析,内容
项目质量保证工作,项目质量审计,内容
项目质量保证工作,变更请求,输出
项目质量保证工作,建议纠正措施,输出
项目质量保证工作,组织过程资产,输出
项目质量保证工作,项目管理计划,输出
项目质量计划,项目质量控制,输入
项目质量工作说明,项目质量控制,输入
项目质量控制标准与要求,项目质量控制,输入
项目质量的实际结果,项目质量控制,输入
项目质量控制,测试,内容
项目质量控制,检查,内容
项目质量控制,统计抽样,内容
项目质量控制,6Σ,内容
项目质量控制,因果图,内容
项目质量控制,流程图,内容
项目质量控制,直方图,内容
项目质量控制,检查表,内容
项目质量控制,散点图,内容
项目质量控制,排列图,内容
项目质量控制,控制图,内容
项目质量控制,相互关系图,内容
项目质量控制,亲和图,内容
项目质量控制,树状图,内容
项目质量控制,矩阵图,内容
项目质量控制,优先矩阵图,内容
项目质量控制,过程决策程序图,内容
项目质量控制,活动网络图,内容
项目质量控制,项目质量的改进,输出
项目质量控制,对于项目质量的接受,输出
项目质量控制,返工,输出
项目质量控制,完成的检查表,输出
项目质量控制,项目调整与变更,输出
